id,word,answer,difficulty
1,cat,cat,easy
2,dog,dog,easy
3,sun,sun,easy
4,hat,hat,easy
5,run,run,easy
6,bed,bed,easy
7,fish,fish,easy
8,milk,milk,easy
9,jump,jump,easy
10,tree,tree,easy
11,apple,apple,medium
12,happy,happy,medium
13,garden,garden,medium
14,window,window,medium
15,yellow,yellow,medium
16,pencil,pencil,medium
17,summer,summer,medium
18,forest,forest,medium
19,basket,basket,medium
20,monkey,monkey,medium
21,beautiful,beautiful,hard
22,necessary,necessary,hard
23,rhythm,rhythm,hard
24,separate,separate,hard
25,vacuum,vacuum,hard
26,knowledge,knowledge,hard
27,environment,environment,hard
28,mysterious,mysterious,hard
29,conscience,conscience,hard
30,bureaucracy,bureaucracy,hard
